SELECT * FROM f9_booster;
SELECT * FROM landing_site;
SELECT * FROM landing;
SELECT * FROM mission;


INSERT INTO f9_booster VALUES ('B1049','2018-09-09',8,TRUE);
INSERT INTO f9_booster VALUES ('B1051','2019-03-01',9,TRUE);
INSERT INTO f9_booster VALUES ('B1058','2020-05-29',6,TRUE);
INSERT INTO f9_booster VALUES ('B1060','2020-06-29',6,TRUE);
INSERT INTO f9_booster VALUES ('B1061','2020-11-14',1,TRUE);
INSERT INTO f9_booster VALUES ('B1062','2020-11-05',1,TRUE);
INSERT INTO f9_booster VALUES ('B1063','2020-11-21',1,TRUE);


INSERT INTO landing_site VALUES ('LZ-1','Landing Zone 1','land',TRUE);
INSERT INTO landing_site VALUES ('LZ-2','Landing Zone 2','land',TRUE);
INSERT INTO landing_site VALUES ('LZ-3','Landing Zone 3','land',TRUE);
INSERT INTO landing_site VALUES ('LZ-4','Landing Zone 4','land',TRUE);
INSERT INTO landing_site VALUES ('m300','Just Read the Instructions','sea',TRUE);
INSERT INTO landing_site VALUES ('m304','Of Course I Still Love You','sea',TRUE);


INSERT INTO landing VALUES ('m304','B1049','2018-09-10');
INSERT INTO landing VALUES ('m300','B1049','2019-01-11');
INSERT INTO landing VALUES ('m304','B1049','2019-05-24');
INSERT INTO landing VALUES ('m304','B1049','2020-01-07');
INSERT INTO landing VALUES ('m300','B1049','2020-06-03');
INSERT INTO landing VALUES ('m304','B1049','2020-08-18');
INSERT INTO landing VALUES ('m304','B1049','2020-11-25');
INSERT INTO landing VALUES ('m304','B1049','2020-03-04');
/**/
INSERT INTO landing VALUES ('m304','B1051','2019-03-02');
INSERT INTO landing VALUES ('LZ-4','B1051','2019-06-15');
INSERT INTO landing VALUES ('m304','B1051','2020-01-29');
INSERT INTO landing VALUES ('m304','B1051','2020-04-22');
INSERT INTO landing VALUES ('m304','B1051','2020-08-07');
INSERT INTO landing VALUES ('m304','B1051','2020-10-18');
INSERT INTO landing VALUES ('m300','B1051','2020-12-13');
INSERT INTO landing VALUES ('m300','B1051','2020-01-20');
INSERT INTO landing VALUES ('m304','B1051','2020-03-14');
/**/
INSERT INTO landing VALUES ('m304','B1058','2020-05-30');
INSERT INTO landing VALUES ('m300','B1058','2020-07-20');
INSERT INTO landing VALUES ('m304','B1058','2020-10-06');
INSERT INTO landing VALUES ('m304','B1058','2020-12-06');
INSERT INTO landing VALUES ('m304','B1058','2020-01-24');
INSERT INTO landing VALUES ('m300','B1058','2021-03-11');
/**/
INSERT INTO landing VALUES ('m300','B1060','2020-06-30');
INSERT INTO landing VALUES ('m304','B1060','2020-09-03');
INSERT INTO landing VALUES ('m300','B1060','2020-10-24');
INSERT INTO landing VALUES ('m300','B1060','2021-01-08');
INSERT INTO landing VALUES ('m304','B1060','2021-02-04');
INSERT INTO landing VALUES ('m304','B1060','2021-03-24');
/**/
INSERT INTO landing VALUES ('m304','B1061','2020-04-24');
/**/
INSERT INTO landing VALUES ('m304','B1062','2020-11-05');
/**/
INSERT INTO landing VALUES ('LZ-4','B1063','2020-11-21');


INSERT INTO mission VALUES (0,'Telstar 18V',7060,35900,'2018-09-10','B1049');
INSERT INTO mission VALUES (0,'Iridium 8',689,780,'2019-01-11','B1049');
INSERT INTO mission VALUES (0,'SpaceX Starlink v0.9',15600,550,'2019-05-24','B1049');
INSERT INTO mission VALUES (0,'SpaceX Starlink-2 (v1.0)',15600,550,'2020-01-07','B1049');
INSERT INTO mission VALUES (0,'SpaceX Starlink-7 (v1.0)',15600,550,'2020-06-03','B1049');
INSERT INTO mission VALUES (0,'SpaceX Starlink-10 (v1.0)',15600,550,'2020-08-18','B1049');
INSERT INTO mission VALUES (0,'SpaceX Starlink-15 (v1.0)',15600,550,'2020-11-25','B1049');
INSERT INTO mission VALUES (0,'SpaceX Starlink-17 (v1.0)',15600,550,'2020-03-04','B1049');
/**/
INSERT INTO mission VALUES (0,'NASA DM-1',6350,408,'2019-03-02','B1051');
INSERT INTO mission VALUES (0,'RADARSAT C-1, C-2, C-3',4290,593,'2019-06-15','B1051');
INSERT INTO mission VALUES (0,'SpaceX Starlink-3 (v1.0)',15600,550,'2020-01-29','B1051');
INSERT INTO mission VALUES (0,'SpaceX Starlink-6 (v1.0)',15600,550,'2020-04-22','B1051');
INSERT INTO mission VALUES (0,'SpaceX Starlink-9 (v1.0)',15600,550,'2020-08-07','B1051');
INSERT INTO mission VALUES (0,'SpaceX Starlink-13 (v1.0)',15600,550,'2020-10-18','B1051');
INSERT INTO mission VALUES (0,'SXM-7',7000,35900,'2020-12-13','B1051');
INSERT INTO mission VALUES (0,'SpaceX Starlink-16 (v1.0)',15600,550,'2020-01-20','B1051');
INSERT INTO mission VALUES (0,'SpaceX Starlink-21 (v1.0)',15600,550,'2020-03-14','B1051');
/**/
INSERT INTO mission VALUES (0,'NASA CCtCap Demo-2',6300,400,'2020-05-30','B1058');
INSERT INTO mission VALUES (0,'ANASIS-II',35900,5000,'2020-07-20','B1058');
INSERT INTO mission VALUES (0,'Starlink-12',15600,550,'2020-10-06','B1058');
INSERT INTO mission VALUES (0,'CRS-21 & Bishop',2972,2000,'2020-12-06','B1058');
INSERT INTO mission VALUES (0,'Transporter-1',5000,500,'2020-01-24','B1058');
INSERT INTO mission VALUES (0,'Starlink-20',15600,550,'2021-03-11','B1058');
/**/
INSERT INTO mission VALUES (0,'GPS III SV03 (Columbus)',4000,20200,'2020-06-30','B1060');
INSERT INTO mission VALUES (0,'SpaceX Starlink-11 (v1.0)',15600,550,'2020-09-03','B1060');
INSERT INTO mission VALUES (0,'SpaceX Starlink-14 (v1.0)',15600,550,'2020-10-24','B1060');
INSERT INTO mission VALUES (0,'Turksat-5A',3400,39500,'2021-01-08','B1060');
INSERT INTO mission VALUES (0,'SpaceX Starlink-18 (v1.0)',15600,550,'2021-02-04','B1060');
INSERT INTO mission VALUES (0,'SpaceX Starlink-22 (v1.0)',15600,550,'2021-03-24','B1060');
/**/
INSERT INTO mission VALUES (0,'NASA Crew-1',6000,400,'2020-04-24','B1061');
/**/
INSERT INTO mission VALUES (0,'GPS III SV04 (Sacagawea)',3681,20200,'2020-11-05','B1062');
/**/
INSERT INTO mission VALUES (0,'Sentinel-6 Michael Freilich',1192,1336,'2020-11-21','B1063');
/*Para ejemplos DELETE*/
INSERT INTO mission VALUES (0,'Mortadela y Filomena',1192,1336,'2020-11-21','B1063');
INSERT INTO mission VALUES (0,'Sentinel del Norte',1192,1336,'2020-11-21','B1063');
INSERT INTO mission VALUES (0,'GPS III SV04 (Sacagawea)',0,20200,'2020-11-05','B1062');
INSERT INTO mission VALUES (0,'GPS III SV04 (Sacagawea)',0,20200,'2020-11-05','B1062');


/*EJEMPLOS UPDATE*/
UPDATE mission
SET altitude_km = 1500
WHERE name = 'Sentinel-6 Michael Freilich';

UPDATE mission
SET payload_kg = 15601
WHERE payload_kg = 15600;


/*EJEMPLOS DELETE*/
DELETE FROM mission
WHERE name IN ('Mortadela y Filomena', 'Sentinel del Norte');

DELETE FROM mission
WHERE
    name LIKE '%Sacagawea%' AND
    payload_kg = 0;







